ASV_ID	P16609_1001	P16609_1002	P16609_1003	P16609_1004	P16609_1005	P16609_1006	P16609_1007	P16609_1008	P16609_1009
147ccff6cdc7add7c5679b9929cafb1c	353	607	370	1686	1163	763	2330	11264	3977
0b58479f5429ce9f8a605e3e5d81faba	3038	3873	2920	1493	3520	1858	1292	1822	2875
887bc7033b46d960e893caceb711700b	2550	4888	4145	2574	5327	2639	2226	6884	4527
1b2c41577c16f4c672a2a861e6b89b14	1992	3289	3462	1816	3724	1909	1647	4925	3934
ae71bf7c99d3583a2d8841e5911c5716	1327	2446	2415	1213	2540	1505	706	2388	1809
49c216cd1b6d702dd0cff28855dc5813	0	0	0	0	0	0	0	8	9
53964bef6e413d0037100ef13b369504	447	505	603	295	697	319	112	397	315
88b5b5240649749ca876d10823045b01	927	1819	1471	998	1724	1131	1101	3256	2322
641dd3fba38499ee67aca9534db03ecc	1140	1635	1525	946	1876	1032	1015	2968	2497
d88992af0f395135f2749cf35e4cd28f	3363	7174	4695	525	4272	1251	166	127	466
b21788bf720789d321d8e824f2306e1d	113	157	97	75	184	107	71	46	193
8040cb82521d263a792b31311ba2f1ac	3057	3425	3120	1017	1778	1287	164	355	569
d5149eea84bcffa22b8a92873f74c427	868	1109	907	578	1317	557	228	873	827
4efca1c1efaae85b53628aad8ca4ca98	292	460	487	349	475	257	424	1803	1162
202c0b8c03fdc8660cd759726727754d	56	99	85	53	116	47	20	65	62
450ac381cbb4a6822befbcdb2ca20bae	155	153	174	69	95	97	0	21	23
cc87cf7731ae4eb54c4d6a8169d4598e	440	887	795	533	930	505	667	1703	1347
11fb58f63f6791374c2f452e7ba8842f	228	268	280	190	447	159	61	479	123
c1859ab94beea465fdbc5eea0e63847b	0	0	0	0	0	0	0	0	0
1f18cf29076957c15e3c64478934c53f	202	266	226	152	397	142	0	155	62
1ead98754d34073a4606f7ff1e94126e	988	1255	1111	820	1756	888	75	175	158
e4b58bc9103f05eef5d404d5fd85f542	30	37	17	0	41	16	69	146	145
7ff490fff9504446139943d9c4f1be4a	522	765	648	507	896	474	336	932	790
aaf363d33b413559f355276afbb79f37	196	275	201	105	189	134	24	102	43
cac37e39df2461953f24398212940edf	252	487	404	304	476	278	132	482	242
3b22807593c61a018ff301c10f04b9a2	969	1275	1023	590	1194	568	269	557	605
567285eb6cb39a7da269ed742662acb0	390	713	596	288	567	440	368	786	912
d3a2fb3b65e96a6017a70182466040d8	502	906	917	447	1030	582	120	469	272
6871d93ddc673c48245efc378cac2c7d	83	172	151	64	120	124	0	66	13
1548937acda05460eb1ff301442e418e	30	40	21	0	46	18	0	38	18
e2460ed8acc8c9e84a0394327b5077d8	0	0	0	0	0	0	0	0	0
cdaeedf080269e0bd9e7eafa785b64f1	164	225	165	133	283	123	75	96	221
14e37c8570d457691428c2a2ba625a6e	29	77	81	39	96	55	50	127	168
73ec397d035244c7734fc7513050637d	294	575	484	358	574	352	513	1427	1265
7208feb3afd481ebd51c04bb97e20644	178	249	196	150	289	138	58	82	148
38e0c8ee88faf668197a703a356460ac	312	598	514	253	515	402	196	454	525
3451a03945f809e8f5d5a86e2d914717	354	780	670	327	766	465	423	929	917
4cc7bf93d916bc7bf10c9bc8cebdceeb	0	0	0	0	0	0	15	0	0
a98027d2a049dadb45ad5e771297c509	0	0	164	53	1702	0	0	0	0
536f92c72915d5031dd16524639fe7c8	35	54	33	27	73	31	0	0	37
a40b9d8f34bcc2c5742b26e6c098a84f	322	672	486	278	508	268	84	256	281
6d8eb9223a0d04a473d00ba1222af34d	0	466	0	224	540	0	38	0	119
c366064866eaed18a54d15640272ab34	244	457	363	258	439	211	208	488	471
0872ee96003e931447bfbda18e048d00	121	194	150	126	249	97	131	529	303
6a0dd346bac687ad23d35ce8a577d09f	0	493	0	212	561	0	0	0	137
4d6ccaf13d1f3d17cebf70dafbea3f6f	104	215	206	107	176	156	7	21	48
052ba7abaeaa968c4f79e3f97d1f0a2f	0	0	0	0	0	0	0	0	0
cb8818c331eb97f13778cef034bb3af0	332	441	427	155	242	261	44	228	218
bf097cc3d87e0ab839aac75005a88274	125	129	99	58	117	57	51	0	181
5c74eea4cbdf15e7b512de16dae0930e	52	77	81	36	61	34	535	127	459
bdd806d59896bba05581ed685c6adb1f	195	329	419	163	398	232	110	375	314
fa45c880cabbeb9cc516c65edb6a81af	312	570	456	345	536	292	276	823	761
ec7cf68c7d74753ace9cac20ae5c2ce2	88	156	94	62	146	80	94	91	188
2233a62e18059c6c3145ef4f8cd2d83f	274	410	340	230	386	276	402	550	927
9cd39efe438f70b71953455f7ece238b	72	133	118	60	149	86	112	214	300
d7a78db14cbb0629842daa8b8f45be2c	116	186	156	93	238	116	109	571	245
5c3884792ab6f36ba913e5970bf79c21	121	167	153	109	183	93	36	123	143
d638e3ef375faff8775879dcd2919456	0	4	11	0	0	0	0	0	0
ded16561e429a549aa51669e41dedb01	0	62	49	47	50	0	272	1509	286
068678cf37cd00e22574581e32e97d8b	222	348	462	159	366	312	0	59	29
bbc9a06cac7574470bb321bd11576906	359	776	572	374	405	278	80	248	193
ffd02e9ad1355f2187c4fb0e8c5343bf	0	229	0	104	302	0	0	0	0
2e449061810d67d5a35ace94d6cd42a0	0	0	0	0	0	0	0	0	0
2ee0a94c2509db81395d353a1cf3c5ec	0	0	0	0	0	0	3	0	0
37597dd24f26cde5b937b799cbd18ec8	0	0	0	0	0	0	26	26	60
8f6a19f65471a9728e9baa99715630fb	183	210	175	103	263	133	69	63	187
cf8839e0dc08ce24f2a6c9502ab8bdb7	65	95	93	50	79	41	86	96	215
dfd1b5c66dad4fd25f69ad8cffcb34fd	199	367	414	160	253	180	24	40	69
078d8a24214e7a2ff6079465c3cad713	85	110	111	45	88	33	7	20	24
f34e94b9c036e0bb8dcb5bd2786c1764	73	78	58	0	110	38	17	76	86
2fa025903b750491a53d458102721550	0	0	0	0	0	0	0	0	0
8f5861dd05ff347032a565cd7ad31870	0	0	0	0	0	0	11	0	0
19b76dc633050df9ec212f0995316cbd	258	328	345	152	256	152	72	236	166
40b37890b1b1fcdf0ece91f1da34c1ca	126	167	160	89	199	95	0	28	19
52f72e259d9e02f366c1ae2de895141e	13	17	21	0	16	9	0	0	27
a26984e55d7e8ccc9dc23a045279e02b	159	247	196	121	268	171	115	364	215
796c8a3e824646f2f70d634177f2589d	91	149	90	77	174	83	62	157	112
30dfa86fda509f2d7c96546998b65933	16	0	0	9	25	0	11	122	28
79cf86d98c76bbbf986bd106938c6817	242	405	380	198	412	245	72	129	233
272f79649c2702bec9ff272552ffffcf	398	510	523	322	679	344	46	94	79
64d2417a9f5a1de0d43139368cf83470	28	57	136	89	309	94	41	35	286
d95aa89e81a349a92f307995a1561bd9	149	283	273	163	328	151	97	299	161
5250ccde90af872a9db544ed21b5b8fe	0	0	0	53	0	0	59	330	117
e795c18a7a9d8a44c319d3141bad3bbe	18	23	28	0	25	12	0	0	0
41a2a6cfa321ba7282f000a2790d862e	64	98	80	47	116	58	24	48	60
4730fed25c42f2855d9185ab2a5a03dd	44	44	37	35	60	16	30	65	82
f07843122c9b6eabd153126d30d4cd8e	0	10	6	0	13	0	17	10	25
d3b522dc7afc50f87472ade6a86a0bb3	124	191	167	100	238	90	16	64	25
96acf2340c6d1dfb87344ddd9bcc9318	0	0	0	0	0	0	0	0	0
04b1f951e0b1346a6d3988fe86632009	98	108	78	0	116	0	0	54	92
dd5546cfa24982c667a9f2b31d254076	77	173	162	59	176	120	0	11	6
1fd401add2f3ae8aeee0694e41bf358e	120	220	171	113	249	126	108	267	191
da139741f82c525c6437328071eb0d33	34	66	50	23	59	30	26	0	70
b15dce65a0a29efb0bcfadedd72ede3c	115	191	181	116	200	111	101	301	223
88a86b62af4406fd5887d48cf791a11a	177	260	265	153	440	181	18	142	63
cce7af3792758bd9a8cc4a0e2e60fe37	121	241	205	111	232	121	27	67	72
55060bfb51dc35530beac964e48e44bd	210	404	346	164	365	163	52	154	150
0848850df0494161713f756cb4fd2f8c	10	13	13	0	9	0	0	0	0
7a9bd3409facfcd4a26b59b50da07dae	8	3	21	137	820	97	0	0	0
eb779ec3ecd6ac216ff4fbcdd1257318	63	132	136	86	135	65	0	0	0
93185103563e99d5dbd1111548078ed7	247	456	345	159	395	195	119	275	231
0aa4663de19d33cbaec31569d47cf191	111	170	158	77	170	110	84	193	250
6054e875b0a4e2dd9e1e5a3014777405	37	70	59	37	79	25	3	31	13
55225fc0c942fe8e24052fbea337781d	213	240	235	121	186	101	35	66	65
96ff11f3fbe3bfe47f11753d3615eff9	24	47	39	15	48	23	0	0	6
8c9e84ebc3ac5255bfcdafbdc699ea2c	0	0	0	0	0	0	0	0	0
8affb26753a94517d38ba046b977f743	153	220	169	117	306	121	49	149	111
0e8e240a922d6c85d818bd823fed4751	138	476	13	147	2346	292	13	15	24
76406076def630da08eedf0e0ee2ace0	14	21	24	0	27	15	44	55	77
5d9ef0971dd60970eba775ae6c29edde	67	111	99	53	103	66	80	73	181
6f7a26be4c9bf552618ad72387499d0f	92	156	111	72	159	100	28	87	88
5d12a2cd51bf17060f60270529c5722e	132	287	248	116	176	122	0	32	33
bfbb41fc686730dd0f3e13df27759598	51	84	55	34	95	56	54	49	111
f9b4ae1423c10acd61e0d3e2040839fb	0	14	15	0	0	0	0	0	0
228739acf3fea4c912637cc0b3a7820b	27	36	42	28	35	26	59	53	210
9c39ff68e37a46283eaa7fdd1f90ead9	69	82	96	42	129	58	0	43	0
fb038dfce3834c352b6d689c04232765	0	2	4	0	6	0	0	0	0
a7e194b4ea4b1df360fce3d3770d58ee	147	226	173	122	214	119	74	188	154
6a319c76a938af60fe6723d634cdc91e	200	285	255	152	344	176	28	77	55
be5df2d76935491020fc3a965f636fd7	83	120	116	78	116	83	53	124	101
736b0de0f4dd2e3783395629c201643a	66	81	82	48	101	51	23	61	63
20179da53a1b677468f7a20cdfa5f837	126	156	175	83	123	142	39	131	75
c3971cca6919c2fb83c57d57efd31904	0	0	6	0	0	0	0	0	0
6cec4c6f91655e43daa7476c4d74777c	127	223	187	106	246	164	62	166	138
c1b702dc580f5d9fa61a5a5b74232dc4	0	0	0	0	0	0	0	0	0
d7d1974ccad74a4247379429aebc573d	0	0	0	0	0	0	0	0	0
8602f83a3d64d5fd31c61de44e7fedc7	126	147	178	70	88	88	32	71	73
11dd1eda320849735016de59c0d867a3	93	196	167	110	212	111	81	170	137
08c70e0579f60758e349538915f97ba9	0	0	0	0	0	0	0	0	0
a2d13ea597e8b2065ff25b0538c1e620	0	0	0	0	0	0	0	0	0
b28f2425a5c55cfc5206a15c3200d905	0	6	0	0	12	6	0	4	7
14441dadd025432e60e806413e1201ae	10	0	11	0	13	17	28	44	77
dd69e0b17da6f99d9a88124c99695770	32	32	58	26	29	25	0	0	0
d75bb336ff439f373cf3e086e19dfba1	0	0	0	0	0	0	0	0	0
245ece6db0de9809ac932a39a7d24b89	0	0	0	0	0	0	0	0	0
056dc5fe93bdd7dccd2c4e378d52055a	0	52	46	0	52	0	0	0	0
0b0cac0562128da174ec240181e9962c	0	0	0	0	0	0	0	0	0
0e39d997dcdab3552fa88625888c6b18	0	0	0	0	0	0	0	0	0
1ebe0fe3e69df47142a0e4bf8041126f	0	0	0	0	0	0	0	0	0
e0fc303ef2e935cf8369932c4ae0c04f	0	0	14	0	10	0	0	0	0
14bcd5059f365040b6a1fbc9ef36291a	45	74	63	38	92	43	16	11	39
3170f6094605a579e6a0e1fefd33a2a5	74	95	62	35	83	50	15	27	32
15ebc11a363ebd4353c26c7310d4caba	77	164	121	77	177	92	39	198	108
bbd6d8e7f58dcadee5e87b19bd9329d8	0	0	0	0	0	0	0	0	0
00a01678e6e0adcd789980f8e123dfc5	27	49	56	22	65	45	11	10	42
f7600dd883bbcd817ee6cc47d0f7ee56	18	14	28	28	23	19	37	52	92
22b67f3389db779aa1621854d4ced64c	82	164	181	78	149	127	0	5	0
380d81417892576cb8aa4c50e92e5e1d	89	180	184	82	171	137	32	93	90
2852304d3fe23aac73c6976d56bdf3f7	0	0	0	0	0	0	0	0	0
60c5874530fb102c40f246e7b59cad1b	0	0	0	0	0	0	0	0	0
5e0aec2460fc33726452f6e155e067c6	0	0	0	0	0	0	0	0	0
e273a003e716f0fb804139f280975c7a	0	42	0	0	47	0	46	129	97
99d50e0cd2405dd20e8a463874db4716	0	11	12	164	57	0	12	159	28
28b979d0ac9a5bc2f8e6cf47854058ed	0	0	0	0	0	0	0	0	0
fc6b3e0b0dbcaff11b0b170b7c392272	0	0	0	0	0	0	0	0	0
b2ae0794a6d4f8f70b5fe996fe9212d3	13	20	14	33	37	21	42	203	46
ac4107604c179f2f8414333885255725	174	53	164	37	89	44	0	0	0
83073fd45fe992e623cba8ef4b275cfd	101	161	128	53	68	94	9	41	62
31a23fbfacae7d3241e095c7888f8134	11	16	21	11	11	0	13	21	13
487ba8cfd965330e87fdcc6201fa83e8	0	0	0	0	0	0	0	0	0
d34793dfd082a428ca6fbe60c6d405ce	164	179	186	123	281	157	19	47	39
63003fc2bf33e0a1679d94ddd16c690d	104	132	123	68	72	60	19	16	81
53b1412eb0af79c6415b4e34ada2104f	75	177	128	82	184	86	79	220	147
3e725a26a7e18f9639d6ff93182fb80c	0	20	16	0	23	16	14	36	68
2f6c9c6f7227565ee47eec9b20df79f4	83	175	139	62	85	56	31	63	62
7609f46a9236c60fb663d331c585060b	76	46	68	23	56	39	0	11	13
919a2aa9d306e4cf3fa9ca02a2aa5730	90	150	109	97	159	77	21	43	30
2dcacb6f6dffd0c6eb9a675853198b6c	75	91	99	57	103	53	31	96	82
ec82a6bab536946843fc868044a48672	0	0	0	0	0	0	0	15	0
458a614d9f091f772f92f51236d1105a	8	19	12	7	19	16	18	26	58
1dee4e38195fdb6d7587b0c875bbb79e	187	233	157	86	194	110	20	11	51
f1280f526465b3d18a7bd86d7de21e2d	31	56	44	28	49	21	44	159	100
a16bdeb34866797772737af0b66978bc	140	137	135	80	148	111	20	76	60
1dc6d60a929782e2bb2f4e6e5b6cc01f	103	171	159	104	192	120	41	67	83
6b22324ce081c63a4735fce68efc1d5b	174	209	208	98	201	122	0	23	21
9b9c155cf71c1199d55daefe97ac15da	0	0	0	0	0	0	0	0	0
327d4ac056e167a247568846c19fa9ab	36	67	48	26	79	38	36	78	119
ad33401bf67e7a20e5c320b590cf2443	59	113	93	78	124	86	31	119	66
bedafc6f2fb2f7ef54042d1712f681f5	64	105	106	59	96	59	39	153	104
95efad17b5fb6b91274a6ef3c47a098a	0	0	113	0	0	0	0	0	0
824f6d4e4b4cc5cad11f41d33fdecc7e	0	0	0	0	0	0	0	0	0
5a35f1b0154cd43b25c9ce4a0587b48c	0	0	0	0	0	0	0	0	0
d92eeff90aec306248a73713ac09b0eb	73	74	71	0	45	47	0	0	0
f3da686b91e5382ae282fe79f9bb24b6	0	0	0	0	14	0	0	0	0
9783b38fbf34ecdb77b7138f60409090	0	0	53	0	0	0	0	0	26
f148c9872201cbd90a403cf63b13e46c	0	0	0	0	0	0	0	0	0
f592de0ded7dc00040ea29cda49945a3	0	0	0	0	0	0	0	0	0
7a6b07bfb83637d1924d5815723620cc	0	0	0	0	0	0	0	0	0
6a1eb7bc8970f3acb54a6a3dd1cfddfa	112	125	133	75	150	117	16	59	50
49a7ef6ca25a467da679e31997bf9373	0	17	17	13	19	0	0	0	16
dc006968e6259a29c8371959892c8ea4	125	139	130	65	222	91	0	29	21
0d637dcf068afa91e4b02152c8113f3d	59	135	83	62	109	67	25	77	102
ead1c64680921c8ed395d0ecfd96a6d3	0	0	0	0	0	0	0	0	0
8f3c8cb8544640becafb5777eb7a5858	0	0	0	0	0	0	0	0	0
a9a366c63a209df0aa5d56031c1dbd26	54	131	95	44	141	76	34	162	85
2da48aaaeeca529f359b43b1769dd40f	69	123	108	80	117	89	0	0	0
e4b3d9482cb5f4c7d4ec0188c0b7610b	54	78	0	0	58	0	0	55	58
cb62de235058e36f0352fff4e488d81f	0	0	0	0	0	0	0	0	0
1e95a94fa8c2087c3f26f7bbf5bf9dea	96	105	104	68	93	64	7	29	22
2e5b4d126566e233cce89647bef711b4	259	117	95	174	74	194	0	21	51
7e518f6e8260462730bbc5bac23f61a9	68	132	105	60	112	73	96	64	250
24d2713f3c816d44d90eebd913d879d1	62	122	112	60	125	73	25	65	97
f41db34cba53df323bb0a10bbc00a20c	67	85	101	63	115	60	51	212	129
b8f5a3365855e785da3f07cd4bc8ff48	0	0	0	16	0	0	0	0	45
e83540ca948ad293a1c7a5c54c883db4	0	0	2	0	0	0	0	0	0
cf2d0c505ee3142d3f861ed3bb3ed802	0	0	0	0	0	0	0	0	0
9ab7c99e549d7ae99db82bb79042bcc7	0	0	0	0	0	0	0	0	0
8bd7d6235d8d5d7462aade30c9df6ca1	0	242	0	96	369	0	0	0	8
fdf79b2352da82f67612a0d3fa98c598	60	114	108	66	119	61	13	51	43
c7ba2aae94cbe0284443a7c62f35dad0	86	139	208	77	583	107	0	0	0
d801a0ac6df4206cc858491c79ae41cf	0	0	0	0	0	0	0	0	0
c47018c050a55f5b6a51764ed083178b	0	0	0	0	0	0	0	0	0
6697f15cf447d5a365e0416693bcfc4f	22	50	42	18	44	35	19	15	95
952fb7e111f253a5d74d1b0fceca6af5	76	162	128	70	159	75	0	36	0
91aa9101b6902563ea1aecb8bf2f5fe2	80	124	120	49	87	35	0	47	40
fdd9c530c3245e3e0a2a1203089e1b9a	89	117	110	37	71	47	0	0	22
8e53231aa9a4d5867845ecd75d68eb3a	50	44	69	38	82	35	22	57	73
069bdc5aa6064808578174c1cca7958d	86	158	151	67	171	91	0	13	20
c3bf5d94634c12fa6a68d858d19fc71d	0	0	0	0	0	0	0	0	0
1f8ad8e19d57de558a88ed9fb9be9858	0	0	0	0	0	0	0	0	0
c750452151a7570b94c64f9fcb207d33	54	87	65	36	68	48	57	42	141
88e6db6044dc36401717ad1f31f9b890	48	63	0	0	73	0	0	68	62
0bac844cbbd80ba984b75c7ae4688c0b	0	0	0	0	0	0	0	0	0
c99397c2588c558f1df83dc4d0e4d3d0	7	8	0	0	10	0	0	0	0
f20f67cb1f851c24066d1d2275fdc605	0	0	0	0	0	0	0	0	0
80c7dd527e79a662f25b93ca27a2e836	0	43	39	37	55	31	0	46	37
85cadea11f338b486db347a7b61a3b3c	0	0	0	0	0	0	0	0	0
287506d0070e2dc52085234f0c2cdf04	17	17	13	14	32	15	49	53	120
339614c316cb9964f593e283eb4105e0	98	115	118	64	81	52	27	70	40
cd7f5c27ec609421e083cfe9be3e7f96	0	0	0	0	0	0	0	0	0
2f2a64093716cb7a65462656c184f7f1	0	0	0	0	0	0	5	0	0
bf20aaf9594e1d1bf41e4e14bf1fe841	68	71	99	59	137	61	20	42	42
ebbb68c5851d90e8694b00eb4c04bfd2	55	92	91	53	98	53	0	70	69
5639353c4c6c80607a42ecccc6f2db86	41	85	72	37	78	59	31	40	90
e3be8912a69d5ab6f3adff105aba586b	86	214	150	0	122	0	0	0	0
cd78d6d6bc6a9ff75477d68bad8b09fa	0	0	0	0	0	0	0	0	0
e14ccafea97ff0c361fc61c8dcc23154	0	0	0	0	0	0	0	0	0
d3aafe1420395f6581d32938aceb3afb	0	0	0	0	0	0	0	0	0
88e6446c09d3fe93253498a4d2f9a0c5	32	52	41	15	61	23	4	36	16
fdf342ebc6fc212c542e22f5d4270b23	0	21	11	0	6	4	0	0	8
fb61b13aa3d84dc0c9d637a88e349f5f	61	47	79	15	35	50	0	0	0
c3b75721fadb91ce413ed22d0029ec57	3	3	0	0	0	2	0	0	0
e3c92b41e431613c5c5f23af4ba8b65f	0	0	0	0	0	0	0	0	0
e8017986d897be329f1fd99081b549a4	0	0	0	0	0	0	0	0	0
268cc37731512506184bd0ff2d9935e2	21	42	34	17	55	32	6	24	28
9182e5b5c4f45301a877817aa4568592	13	32	27	0	21	0	0	0	0
ddd6a46dc8af7661b360f3f9c33da991	0	0	0	0	0	0	0	0	0
7e64529549a54fc68cfc5e832c2f370a	0	0	0	0	0	0	0	0	0
df17dff92d9e5d1d07236d9a96179c08	75	135	147	66	89	72	13	19	55
5e84b2e1ff657fe70498930a1069bf59	0	0	0	0	0	0	0	0	0
f3931878c88c9d308370e5e20aa824b3	66	131	121	64	153	71	0	0	3
19cf0a3da2d004659cbd64b8f1eec541	0	57	47	0	50	0	43	118	87
fbdf381af39b887d91a2a6c97bc24106	4	8	9	5	9	8	5	11	12
5bdb2ac353127cd55b0edc0da340f948	0	0	0	0	0	0	0	0	0
b36c6d772105377d9d54140741bcffc5	0	0	0	0	0	0	0	0	0
20a90596687aba3b0e665cc1f841b3af	70	88	64	29	60	25	13	30	24
65a80e8b397f2a74a046189986d2710a	0	24	0	0	27	0	0	0	0
8602d3b48e74936265f0575f2e0b9910	104	124	109	68	94	48	22	32	48
0ed6ada3b27ee4c593225c0c1bae3127	84	106	101	0	152	0	0	0	0
e9f4c2fdd29e9a5295e25dccbba6a731	0	0	0	0	0	0	0	0	0
b3cbeae7d7560b285766ebf0563e38cf	52	87	62	45	94	28	23	84	51
5b4d445dfdb546179e0c8c5d1dfdd369	0	0	0	0	0	0	0	27	0
75ace96b10c2ea95a7debec153c153d1	28	41	38	22	41	27	8	15	40
56fa1dafeb007219a436225686b03582	57	125	128	61	145	56	0	47	30
d78db8cc479f8e4551cc92ed1df2b1a5	0	0	0	0	0	0	0	0	0
d01a78569fc5292c36ce14df08ceb4c8	0	0	0	0	0	0	0	0	0
b0416cd1836b603643f4f998a4633553	12	19	27	12	12	9	6	12	11
6e2fe8979748a5e70fdd60122ba5fbb0	0	138	0	54	152	0	0	0	0
54d1ac6d5124bdd73ffbeb1674cc7e49	0	0	0	0	0	0	0	0	0
c8281612ef6a13745cd3da492df1ce8b	0	0	0	0	0	0	0	0	0
afe44d16f8950bde7c5ba2844259951d	18	27	29	79	57	370	0	295	10
bfb4426a90f8d30c4f822b45213d0018	0	0	0	2	0	0	0	0	0
0fa79b163a2f27efbc8b1a08328410ae	21	33	24	19	38	23	0	32	20
4f1cf0253c18bea5172c557e02c4007c	39	64	51	36	56	42	7	11	23
8ff1ef9edba01b521319db3186702edc	103	112	102	0	56	0	0	0	0
b0b360136186c8efc11065d264dbf413	43	73	42	51	81	48	17	27	44
49fda64a479dae6395bb9ee114c8580c	0	0	0	0	39	0	0	0	0
c346c03b0e00c12c320e8d9da8b868b0	57	72	84	31	86	36	0	0	0
e8b614ff3a8e6a64c3b1cf8d59d449d5	0	60	0	0	47	0	36	108	87
09549107f07aade8fd65aca304b83aaf	0	0	0	0	0	0	0	0	0
504c8f91ff69642c329c779a77f1bc23	0	0	0	0	0	0	0	0	0
ab7c1df2c0ab55a6cc42dae83669c72f	0	0	0	101	0	0	0	221	113
3638f2062c305c79df283ef573a10b97	0	0	0	0	0	0	0	0	0
d03fa672e9f70f13bb1b2ce88571ce24	0	55	0	25	78	0	0	0	0
72a5ef3d87e961de6ff2e7eea506fd57	0	0	0	0	0	0	0	0	0
a2f805a38f13c5fb57e68163fab1c82d	30	37	47	16	49	22	19	82	46
53ad3298cda8526397b4ff3c4afc237f	0	6	0	0	0	0	0	0	0
d6ef11fe76d6fcb74379164053fd17f4	39	76	77	24	90	39	15	11	30
8a388b2fedb1e9ce85fd666ae0bd9e47	60	99	108	50	77	74	0	18	25
6941bbe783ae8cae627dc67cb21551be	0	0	0	0	0	0	0	0	0
f2afda01755f29731cc62b1bd9fbac03	0	0	0	0	0	0	0	0	0
afacb344117596b3ddfa6a65a3b796df	65	108	68	49	121	77	0	54	41
96d14a97a7a256965c43734595f44b57	0	8	0	0	0	0	6	2	11
3fd1a6848a322176250c7db199de0027	0	63	0	41	57	0	0	0	8
ee122e30d71a3ccff6d4759e0d49a00c	0	0	0	0	0	0	0	0	0
e38ec8f50353678de13302e05a91e4e4	21	33	29	23	38	29	26	107	86
6204a85224078accff0f0a75eaac4e36	0	0	0	0	0	0	0	0	0
3b2c5d7aeac48603547e175b11df77ed	22	25	34	0	18	0	0	14	0
892f08c9bf7a3c908f80d7500889f093	0	0	0	0	0	0	0	0	0
9c2daf483a574f6ee9b234624c6eb973	0	0	0	0	0	5	0	18	4
4f8285827d64ed44a3a48f09c8deb2fb	0	0	0	0	0	0	0	0	0
d95a3b784d497268099d73a2bacaa1e9	37	52	44	35	58	26	0	0	0
1424204d0b3becbb64ef0b61abb46473	0	0	0	0	0	0	0	0	0
e7b8aac6c0b9f8698e394fbab13ed0e9	0	45	38	0	44	0	0	0	0
221c5ee745d0487af1a76d8134938be1	4	7	4	19	6	7	17	59	14
48aa8923b2ddf156ee37f66783fda41a	0	0	0	0	0	0	0	0	3
7d0479a92311f34135a429ab1f2e0d35	84	106	100	47	65	50	2	0	17
a93702ea2d903ee3e92b78f984baae2b	13	0	20	14	36	16	0	29	15
b98d0de214f7b51c523e103d07226867	1	3	1	4	1	3	1	12	6
46af7fdbd4e481368de9cd166bb42cab	0	0	0	0	0	0	0	0	0
440a54413c3e90eb866f8d72e3439d15	19	37	23	17	0	8	3	11	0
6a2bef07469900630b35043e2c1b78ec	23	28	30	16	40	27	2	8	11
5b14d8715d9fa718b89ce433471e2a4e	0	0	0	0	0	0	0	0	0
db2ece2c379fc6aaf9f909615a34be36	76	17	0	141	341	138	0	0	10
4d30a46b1b7c0207150fd9a455d78481	30	40	27	31	42	25	14	16	23
ff4df9a79989909cf1d55861b8ee7374	31	55	45	27	42	22	53	10	182
ebd8a7462368cb7bcc691c612348cbc2	0	0	0	0	0	0	0	0	0
a1dd4e89d49a717d3b1c89f205d202ac	50	59	61	26	68	32	0	0	20
e86bf50d7c7ff0761f5b5fd12c0a0b6b	46	70	49	16	72	27	0	0	0
87fec2cdcb982f0df36d8dc6f3f6a667	0	0	0	0	0	0	0	0	0
23d5e3c102fac490f25e3a7686e279e0	0	0	0	0	0	0	0	0	0
62793b1ba40feafe3337e84440c6c634	20	31	34	0	28	0	0	0	0
756aa3653b52c6a3dc11d90088e1b3ba	0	84	56	0	66	47	0	122	106
c75beca304fb219adbda52e4be4c4528	85	77	75	39	45	50	0	0	0
ef5bc3c567f1ecec5e0742f33b5111b9	0	0	0	0	0	0	0	0	0
4285a26d19be7b69ed8d2cc349fb1a8d	14	20	13	7	23	5	6	4	26
e0d3aef2c75c6ec7e96301c8e69ab9fa	0	0	0	0	0	0	0	0	0
37bd84c3149391c6718f2ce6ffba1ef1	0	9	9	0	19	9	11	17	18
7f49a22c83390bb1be6bfd0708aa6960	0	0	0	0	0	0	0	0	0
e81e42b8e9e050bb87b7117f42dbf049	13	22	24	0	33	19	6	6	8
3f7b4753c8b74702c23f426bf950f54c	0	0	0	0	0	0	0	50	0
1a9233b37851d75c366e597e4658eec1	0	0	6	0	0	0	0	0	0
b5ef80188c610dbd0b5f6a3c3595c61a	70	74	102	32	66	48	0	0	0
11bd0605e00b7ef4714b2d2b5c04df21	21	0	36	0	0	0	0	65	31
aa69dc216ba4c74a58a73e835b1599b1	0	0	0	0	0	0	0	7	0
addb32c8992da25e02cfe1a18a659b3a	0	0	0	0	0	0	0	0	0
b18d5df91f6547009d3883eb58048689	0	0	0	0	0	0	0	0	0
d362a05ed2b544ddd965d6604a65e662	74	66	90	56	69	36	0	0	0
f6d57901ce7f0b460a6810ab333ee319	0	0	0	0	0	0	0	0	0
cf25d4a90f748550689c08313753196f	0	0	0	0	0	0	0	0	0
9da32dfb58ea8ef0a1ccee05ecf0b4b7	0	0	0	0	0	0	0	0	0
3d8cfa2bc8ff98900e6ce07fb4afcb38	0	0	0	0	0	0	0	0	0
edbd501e3683f6dc0a169aafc7b6952f	0	30	0	14	31	0	0	0	0
ece4ceafc538014ffd4b198e616b3b51	64	68	81	32	61	72	0	0	0
8650b59ecf4d606049ad9f3e2f0580bb	0	0	0	0	0	0	0	0	0
61c9c09c9216703efd5a8272d5d2d0de	6	4	2	0	14	3	0	11	0
7ccf945550db714b71bfd922215d3fbf	0	0	0	0	0	0	0	0	3
8e68f7dcc04f7c56e6961448ebe5af72	44	69	60	38	72	24	5	0	9
3ac51bb41f090c0aedb6c21c37987b1b	0	0	0	44	0	0	0	91	51
e5d2897df2f464827244b871d67ee050	0	13	0	11	18	0	0	0	0
efee00e38ecedb599e96184df7e697ff	0	0	0	0	0	0	0	0	0
fca5e93fc1cb39d1e21ae78aea5974ae	34	32	38	13	23	18	6	17	19
f0a2d800a63a3d06d335e767ccce1016	24	27	39	16	33	22	0	14	14
62b6322d1e1e27a1221387eceafe938a	40	74	57	26	70	38	14	0	38
7539845d8d723314e688ba55c15b532f	0	0	0	0	0	0	0	0	0
11705f30cecd320d7799496c5ee9ba45	0	0	0	0	0	0	0	0	45
e5fe47781d8ce2e5afebedae34f22f73	14	0	0	0	26	0	0	18	0
d48e319a70cb2aca445d69926a5188ec	0	0	0	0	0	0	0	0	0
b8e2fe448f898d224bbf3171526588f3	33	30	25	16	52	16	0	0	8
5a32031ed957857f83a562fee4e2434e	19	28	24	10	16	8	0	0	0
2975e2d6efb42afc8c87e0d8d879be23	66	54	59	0	93	0	0	11	0
2e0ae72bb27d1631c86c9e7da8872642	12	16	15	0	0	5	7	15	12
1b871c4b85e0dab225e69064a17ad9c2	0	0	0	0	0	0	0	0	0
2a5a2c8c8d150eee94f2c76a7b0a26b0	0	0	0	0	0	0	0	0	0
25e78a22c3f1f96802481ab87b71d79c	0	0	0	0	0	0	0	0	0
f119617098174a90be4e7084827fce06	0	0	19	0	21	0	0	17	0
f96de2cca0762ef32861853deaa2cef1	5	12	6	4	10	4	0	6	0
703fd0e527ad5cd25fc962196d2d17d8	9	0	0	0	0	0	0	0	0
58f96543bc624a7ed5b21ca5cee638ad	20	23	22	11	39	16	0	0	0
8d317c7af026c740efa4e0b5602b1dcb	0	0	0	0	0	0	0	0	0
c3d4cde1fefab50869535171600db4ac	0	0	0	0	0	0	0	0	0
cee50b677ae4a1e28a15d0bca76dee57	0	50	44	0	41	0	0	0	35
c678c2649a3837870832c14756fd18e7	0	0	0	0	0	0	0	8	0
cfd85af288694f6e0b38692bb84ee578	0	0	0	0	0	0	0	0	0
d7e2b87f582e8727baf0aaf8af9f188a	58	35	45	0	116	87	11	0	47
bbe610eb98e49440df4490dc74dbb052	0	0	0	0	0	0	0	0	0
aaaf5230d4dd5561e61eaa80dbf0a018	0	0	0	0	0	0	0	0	0
5f12d4824ac1ce29bcdeb6703b09cbb6	8	0	0	0	6	0	0	0	9
d07fb2a7fa23f10839ea64b47e4dde84	0	0	0	0	0	0	0	0	0
91817edabd5d2aeddb1fa1507a0bcf3b	0	0	0	10	0	0	0	0	3
f469ec11ac25ecabc19c78478bdb0c13	0	0	0	0	0	0	0	0	0
a39ee9fb095e77883aab306403e73f70	0	0	0	0	0	0	0	0	0
591ff9728e79d29438c867a9e8304e22	0	0	0	0	0	0	0	96	0
2c7c118a5ec4398b4e0f595e91f6a135	0	0	0	0	0	0	0	0	0
44c5b374af034a2679dcab4bc0e5c456	0	0	0	0	9	0	0	0	15
f1919a3600ae04deb9a98ea161fe8d2f	36	44	56	0	25	29	0	46	24
1d61b04256c52a5c77dea3012735285a	0	0	0	0	0	0	0	0	0
12a06324955f5551b0b16985e3bbbe15	0	8	0	10	19	0	0	0	0
0dead0b909f6ab03f6e599838c704b2b	0	12	9	0	0	13	0	0	0
56685cabdd5571b1f9eed7063113e4d8	0	0	0	0	0	0	0	0	0
a5dea080038bf54c7d511b823a13661a	0	0	0	0	0	0	0	0	0
d76a3d4c5d8913aeb4deac6f162ca3c4	0	0	0	0	0	0	0	0	0
fa3339e57ea13813e7dd9816188d4c92	0	0	0	0	0	0	0	0	0
31c1e69c468d1bf74333285a9570a16c	32	30	48	0	37	23	52	85	91
025bdb2c8aa02cc58ebd61e9e9deae9a	0	12	0	11	15	0	0	0	6
d848a0238158b779d5699d9ae1ead803	48	51	59	34	48	21	0	0	0
44eb603ac11f6bad4a83878080a29a69	0	0	0	0	0	0	0	0	0
ac791f91876a39deab1fc6772d0d867f	60	43	48	24	44	38	0	0	0
421f08dc176758d2a79e6d5f274d9c4f	32	51	30	0	50	30	0	36	0
2c800733848345628f07061071d5d86d	0	0	0	0	0	0	0	0	0
44398fed6d93363f31c159844912b57f	0	0	0	0	0	0	0	0	0
6642d31f668a07e146acffb5b107f8ac	0	0	0	0	0	0	0	0	0
bc8caab6459837d00527b3f768901e64	0	0	15	0	11	0	0	30	29
2e843a9785205997516be13055be8e81	0	0	0	0	0	0	0	0	0
b773333726a2dce186cb42c4c2ee64a9	29	66	30	16	35	19	0	7	11
0587706c9086850178e157404f334e73	0	0	0	0	0	0	0	0	0
2e6c478e7b19eae06e198fb4258974a6	21	17	19	12	41	17	0	5	0
64c52718612394b97132744e455bbe9f	0	0	0	0	0	0	0	0	0
56e96afd663d0fceee920eb4c510578d	0	0	0	0	0	8	0	0	0
147a80848b9a524c519800fb5aa4a8bc	0	0	0	0	0	0	0	0	0
917490c1acc096cc2f987e3340825151	44	40	0	0	119	47	0	0	29
9cc58fb73ab2dff217d02dad9ddaf431	9	0	0	0	9	0	0	0	0
68daf286996f05100d91816f0230a9ba	21	17	0	11	0	6	0	0	0
bb4019685cb2dee05a4400f5a8e7df3e	20	54	34	31	55	32	0	0	0
4dd41987d97d84320430283aacd3508c	26	42	41	20	38	28	6	5	15
ea88d3fd5fc9bd17d9db5c542fb90fb1	15	24	23	0	27	14	0	16	27
042c45dfdaa67cc27a14d97176756369	0	0	0	0	0	0	0	0	0
28894e2cdfeb152f2e1ed14a211ce8aa	0	0	0	0	0	0	0	0	0
9a28c87e7724d31200db1688949e12f7	0	0	0	0	0	0	0	0	0
19c78b0e5075f4ff3d98a26abf03057e	0	0	0	0	0	0	0	0	0
306033586611f0f67d87000f0a1df784	29	42	44	22	47	13	0	0	0
e30238451c0ad61ee030a2ea2ab86c88	20	19	15	5	16	11	0	0	10
e71c82c8a94bb0061a709c90f9e24eb8	0	0	0	0	19	0	0	0	0
1622649a108a5ca5649bc0c5edaf5f22	12	22	24	9	24	16	0	19	11
4b921e01e7590fee56ee4b73ed85f359	0	0	0	9	15	0	0	18	18
1aa27a6c9118672b0558dbde3fe2aac8	0	0	0	0	0	0	0	0	0
0e787bd1992c8e9a4f466d26f2c56f4f	0	0	0	0	0	0	0	0	0
7adad46c73aa5f368dc76e2d7cea10cb	0	0	0	0	0	0	0	0	0
21d7d9f0e97c9ce5beee3efa228ad9c1	0	0	0	0	0	0	0	0	0
44b6f430522c0a89c6d0e0db42e8c107	0	53	0	26	82	0	0	0	0
0cb056474f7c30c3080bcc9849253435	0	0	0	0	0	0	0	0	0
c6f7f741b203187eae45072d002bb321	16	12	0	0	20	0	0	0	0
9890634d83cff6e3da9f74f9245bcc3e	0	0	16	0	39	0	0	0	0
d2f3fcff3b5a487c1a47fecb129749b7	10	18	9	0	11	0	0	0	10
12282091de50ee4435f01b51634b0d43	0	0	0	0	0	0	0	0	0
394e1e1b1fb8c6530fc65c11af5a595b	0	0	0	0	25	0	0	0	0
27bafddcb6a6ef8b683555bd06447051	0	0	0	0	0	0	0	0	0
01d5b79c3b67c66014639c3bbea5ea11	0	6	0	0	7	0	0	0	19
c05e653810656bb12dd88fe05249054a	0	0	0	0	0	0	0	0	0
d99a98ce958f133d3ca3ac7498dcc402	19	0	7	0	0	8	0	0	0
472b83fa39640e485f05a1724a6e8791	0	7	0	0	0	0	0	0	0
90f02065d1a2d79dad8bddc674b949b7	6	16	15	0	10	0	7	20	33
e38aa7466429e8ef03c1da767314f396	0	54	0	27	110	0	0	0	0
c9834a6f32afddac19bb8bbf098b8d0d	0	0	0	0	12	0	0	0	0
1c9ef6b0bed0cfd2ac5bd46fe534d83c	0	0	0	0	0	0	0	0	0
11dcb57cab3218d04bdb83bd0f131412	5	5	6	4	8	4	3	0	13
de907d9b071e7adb2c05bab1bcf75f96	0	0	0	0	0	0	0	0	0
a8f43d6bea7c40d67900e522e9081f00	44	26	62	18	31	53	0	0	0
f5245453d01e9ff275d2d3e0b2f3f270	10	11	6	7	20	12	0	0	7
f3b32158e9444e46f51407e994dd5fd9	6	7	5	3	5	0	0	3	0
b87b13ea8b68e9bcc345786f2dba94a3	0	21	0	10	23	0	0	0	0
c3ad46a6a4ad341bdcdc01f8beb35436	30	48	40	0	40	26	0	0	0
2d30211ca83dbaba57bb7d08b25f6cee	0	0	0	0	0	0	0	0	0
f4e69a3958c597995127b4b099b1e313	0	0	0	0	0	0	0	0	0
55d2957dd39e78fd09c3cdfc7f125418	0	0	0	0	0	0	0	0	0
67bf3546270c3922898b6d32d5d72628	19	29	29	9	17	22	12	16	15
57003d2656c899a6e65da81a583fe74d	23	28	37	11	25	17	0	0	0
7321101808dc409283bed5fcc53db58e	0	0	0	0	0	0	0	0	0
06a7ec0a32bb205024fa1236e3ef21ad	20	33	21	14	19	8	0	0	0
17a75176ffc246b76f12fb8919211fe0	0	0	0	0	0	0	0	63	0
d192067e2547358069142a37d216cd12	0	0	0	0	0	0	0	0	0
766533668513f1de8efb46206dd0e235	0	0	0	0	0	0	0	0	0
e0e7b8af6aa7489de72ea9a722f938e5	0	0	0	0	0	0	0	0	0
af4d9721cc79c46eda2e10e0550cc9b2	0	0	0	0	0	0	0	0	0
1429e7861878a2f1d9e0fb3e0c58de25	0	0	0	0	0	0	0	0	0
2005a1e1770a6a8a846c0003bf97b97f	0	0	0	0	0	0	0	0	0
0c8c804e0a24bdc017f6b22dd891c108	0	0	0	0	7	4	8	52	22
15478673069ed72e7c3696e1139273a2	0	0	0	0	0	0	0	0	0
8042cb6ef075b91d65a037e2eeb35566	0	0	0	0	0	0	0	0	0
a725ff7f280b815291c7c5bd4b19c863	0	0	0	0	0	0	0	0	0
8f2fd0e6d22f188acc6df98f94139825	6	8	11	0	6	7	0	0	0
aca380d3d06d653c6296f75364e4e6fb	27	27	13	11	15	15	0	7	7
25252d8c2ee46e1b8ca14470a613f0fb	24	33	24	13	35	13	0	0	19
09f4aa0a1dfca987d0103fb11ac19f99	0	0	0	0	0	0	0	0	0
65e07ee213da9376961912724c84b3a5	0	0	0	0	0	0	0	24	20
ac5d79ab9fc37ca9d14975a7886c2d3e	0	0	0	0	0	0	0	0	0
2a08a8db369425b4b448bb0b96b92249	0	0	0	0	0	0	0	0	0
b1f9758ab60b87727ab24ff388b60154	0	0	0	0	0	0	0	0	0
42997c1743f8b32daab0b9720a8e12f9	0	24	58	0	22	6	0	0	0
89dea176a178e28456785bc8d598579b	0	6	10	12	181	59	0	9	3
970a16f5bdd215f98f0ba568a7223c91	0	0	0	0	0	0	0	0	0
ece21ab876cc326f67a17a16a9ef8680	0	0	0	0	0	0	0	0	0
81bf0647e0ccfe12e1d27a58be2f21cd	0	0	0	0	0	0	0	0	0
be5f7561425c2fdf15e1347047e3a7ba	0	0	0	0	0	0	0	0	0
146f2e3c1e3a333c7bf37b9bc711e98e	0	0	0	0	0	0	0	0	0
07c3160551922faa7be5740ea3adc189	0	0	0	0	0	0	0	0	0
34d1f5956e571866fa0901e9478bf04d	0	0	0	0	41	0	0	0	0
9ed0806b1332b16b32b2eaf82b08a51e	17	0	0	0	15	0	0	0	0
8b0106de292a005297bf8fd068ca47c1	0	0	0	0	0	0	0	0	0
14f758a1560f61b220e8c6766130ff4e	23	26	22	0	16	10	0	0	0
01dff5d40f7a902fc54f6b7061676674	0	0	0	0	0	0	0	0	0
9c4d23653573328210cb55d4dae94b5f	0	0	0	0	0	0	0	0	0
d3d44fa84a8cf5fa881a409e81842f9d	28	42	28	14	46	9	0	0	0
7e44baf590211c2e042fca87a38ffe6e	0	0	0	0	0	0	0	0	0
e43a58f340d8c47c27b68a2ea3770bd2	26	50	35	0	0	0	0	0	0
d3ab81dda95de1c1c831e831928afca2	0	0	0	0	0	0	0	0	0
58ac80afe7b6623dc84dd44edb1c54f9	0	0	0	0	0	0	0	0	0
55ff6faf3d171ef953a5f98ffa6d7dd1	21	30	25	18	43	0	0	19	29
33957cc5d11b546e09d545c4422afbab	0	0	0	0	0	0	0	0	0
